{
    "status":"",
    "errorMessage":"",
    "data":{
        "subColumnInfos":[
                          {
                          "subColumnID":"GDZX0920160725000005",
                          "subColumnName":"最热点播",
                          "showFlg":"1",
                          "subColumnType":"1",
                          "sortInx":"0"
                          },
                          {
                          "subColumnID":"GDZX0920160725000003",
                          "subColumnName":"最新点播",
                          "showFlg":"1",
                          "subColumnType":"1",
                          "sortInx":"1"
                          },
                          {
                          "subColumnID":"GDZX0920160725000001",
                          "subColumnName":"测试栏目",
                          "showFlg":"1",
                          "subColumnType":"1",
                          "sortInx":"2"
                          }
                          ]
    }	
}
